Id,Label,English,Frequency,Valence
三十,三十,Thirty Years,19,0.1062
桃李,桃李,Peach and Plum,41,0.68
春风,春风,Spring Wind,58,0.3259
归来,归来,,28,-0.3222
不及,不及,,17,-0.1656
美人,美人,,27,0.2722
海上,海上,,22,0.0979
万里,万里,Ten Thousand Miles,62,-0.2884
将军,将军,General,17,-0.0853
汉家,汉家,Han Court,14,0.4123
白发,白发,White Hair,17,-0.0151
千金,千金,,18,1.0997
不足,不足,,17,0.2233
与君,与君,,29,0.2652
惟有,惟有,,11,0.0394
万古,万古,,29,-0.2339
为我,为我,,21,-0.0178
黄河,黄河,The Yellow River,24,-0.1352
主人,主人,Host,20,0.0842
夫子,夫子,The Master,30,0.2251
白马,白马,,22,0.321
洛阳,洛阳,Luoyang,26,0.7045
飞去,飞去,Flying Away,11,-0.0587
茫茫,茫茫,,18,-1.5401
谁能,谁能,,12,-0.3736
天地,天地,Heaven and Earth,46,0.8434
天子,天子,Son of Heaven,28,0.7321
黄金,黄金,Yellow Gold,61,0.4783
东风,东风,,22,0.0543
绿水,绿水,,26,0.5385
叹息,叹息,Heavy Sighing,20,-0.3894
高楼,高楼,High Tower,14,0.1878
明月,明月,Bright Moon,54,0.0193
由来,由来,,12,0.3073
谁家,谁家,Whose House,19,0.0365
白雪,白雪,,21,0.47
不肯,不肯,,15,-0.3524
出门,出门,,10,-0.2733
花落,花落,Falling Blossoms,15,-0.5727
清晨,清晨,,10,0.7801
白日,白日,,53,0.1973
如此,如此,,24,0.0162
登高,登高,,18,0.3734
对酒,对酒,,13,0.1756
今日,今日,Today,27,-0.0565
日暮,日暮,At Dusk,12,-0.7575
裴回,裴回,,13,-0.6004
东方,东方,,10,0.9272
明朝,明朝,,12,0.6076
蛾眉,蛾眉,,21,-0.0404
东海,东海,Eastern Sea,21,0.5358
天涯,天涯,The Sky's Edge,14,-0.366
憔悴,憔悴,Haggard,12,-1.8277
神仙,神仙,Immortals,11,1.1768
蹉跎,蹉跎,Wasted Years,15,-0.4674
富贵,富贵,Wealth and Honor,16,1.3516
落日,落日,Setting Sun,31,-0.8922
草木,草木,,17,-0.0577
北斗,北斗,,11,0.6389
百年,百年,,10,-0.0406
此去,此去,,10,-0.163
青云,青云,,41,0.2884
昨日,昨日,Yesterdays,12,0.2451
肠断,肠断,,21,-1.7167
从此,从此,,13,-0.0057
旌旗,旌旗,Banners,10,0.6144
四海,四海,,12,0.6929
故人,故人,Old Friend,28,-0.6698
三月,三月,Third Month,12,0.4808
相见,相见,,18,-0.4431
云间,云间,,17,-0.1448
平生,平生,,11,-0.2321
当时,当时,,17,0.0987
百里,百里,,14,0.5275
何所,何所,,11,-0.198
风吹,风吹,Wind Blowing,51,-0.4151
秋月,秋月,Autumn Moon,39,-0.4498
为君,为君,,25,0.0269
相思,相思,Mutual Longing,55,-0.5948
行乐,行乐,Pursuing Pleasure,10,1.2072
借问,借问,,23,0.019
相逢,相逢,Encounter,19,-0.0079
别离,别离,,17,-2.1937
春草,春草,,14,0.2453
湘水,湘水,River Xiang,10,-0.9607
飘飖,飘飖,,11,0.2149
壮士,壮士,,27,0.1944
三千,三千,,24,0.5925
君王,君王,The Sovereign,28,0.3187
落花,落花,,24,-0.2888
无由,无由,,10,-0.3002
此时,此时,,14,-0.1482
鸳鸯,鸳鸯,Mandarin Ducks,18,0.3301
东流,东流,,14,-0.3216
无情,无情,,11,-0.5821
咸阳,咸阳,Xianyang,17,0.0825
凤凰,凤凰,Phoenix,24,0.737
无穷,无穷,,12,-0.4526
明主,明主,Enlightened Sovereign,29,1.056
宁知,宁知,,12,0.0018
秋风,秋风,Autumn Wind,27,-0.9585
白露,白露,,14,-0.4323
归去,归去,,19,-0.3894
五月,五月,,25,0.1288
长安,长安,Chang'an,32,0.5163
一片,一片,,11,-0.1754
千古,千古,,11,-0.2024
青山,青山,Green Hills,23,-0.1961
断肠,断肠,,14,-1.7898
芙蓉,芙蓉,Hibiscus,17,0.2542
千里,千里,A Thousand Miles,42,-0.1751
此地,此地,,24,0.2963
造化,造化,,11,1.1906
南山,南山,,17,0.2651
有情,有情,,10,-0.149
空馀,空馀,,13,-0.6726
携手,携手,Hand in Hand,15,0.1738
落叶,落叶,Falling Leaves,13,-1.0756
九天,九天,Ninth Heaven,15,1.0025
独立,独立,,10,-0.8289
令人,令人,,18,0.0034
碧云,碧云,,11,0.1576
秋色,秋色,,10,-0.4979
丹砂,丹砂,,10,0.3776
古人,古人,,12,-0.5196
王母,王母,,10,0.4012
流水,流水,Flowing Streams,31,-0.4443
意气,意气,Lofty Spirits,13,1.4285
桃花,桃花,Peach Blossom,26,0.7585
苍苍,苍苍,Vast and Gray,13,-0.7233
世人,世人,,15,0.0727
天下,天下,All under Heaven,26,0.6459
五湖,五湖,,12,0.2429
白首,白首,,11,-0.2774
功成,功成,Accomplishment,19,1.6163
我心,我心,,13,-0.5845
几时,几时,When,14,-0.2273
瑶台,瑶台,Jasper Terrace,13,0.3357
罗衣,罗衣,,15,0.0081
纷纷,纷纷,One after Another,12,-0.0369
少年,少年,Youth,19,0.1931
杯酒,杯酒,Cup of Wine,14,0.7334
悠悠,悠悠,Leisurely,12,0.0199
相随,相随,Following Together,11,-0.0822
风尘,风尘,,12,-0.2065
至今,至今,,10,-0.4767
月明,月明,,14,-0.0596
江上,江上,,18,-0.1635
沧海,沧海,,12,-0.0905
千载,千载,,12,0.3772
苍梧,苍梧,Cangwu,17,-0.8386
洞庭,洞庭,,22,-0.3052
潇湘,潇湘,,16,-1.4404
阳台,阳台,Lover's Balcony,10,-0.1005
浮云,浮云,Floating Clouds,37,0.3401
惆怅,惆怅,Melancholy,11,-1.4675
沧浪,沧浪,,12,0.1712
秋草,秋草,Autumn Grasses,11,-1.0591
鸡鸣,鸡鸣,,10,0.0525
东南,东南,,12,0.099
巫山,巫山,Mount Wu,15,-0.3392
云雨,云雨,,10,-0.3115
何必,何必,,17,0.2617
光辉,光辉,,14,1.2123
梧桐,梧桐,,11,-0.8345
三年,三年,,10,-0.1553
白云,白云,White Clouds,31,0.1784
金陵,金陵,Jinling,26,0.553
何事,何事,,12,-0.3475
沧洲,沧洲,,12,-0.1584
苍生,苍生,,11,-0.5015
送君,送君,Farewell to You,15,-0.7118
江水,江水,River Waters,11,-0.3343
人间,人间,,13,-0.1926
长沙,长沙,Changsha,11,-0.4439
水流,水流,,13,-0.4032
游子,游子,Wandering Traveler,15,-0.0024
谢公,谢公,Lord Xie,16,0.4917
公子,公子,,12,0.705
他日,他日,,11,0.1815
清光,清光,Pure Moonlight,10,1.0248
