Source,Target,Weight,Cooccur,Type
丈夫,中原,0.3787,3,Undirected
丈夫,为我,0.3872,2,Undirected
丈夫,亦有,0.4955,3,Undirected
丈夫,出门,0.4136,2,Undirected
丈夫,功名,0.4286,2,Undirected
丈夫,悠悠,0.3043,2,Undirected
丈夫,浮云,0.3934,3,Undirected
丈夫,男儿,0.3872,2,Undirected
丈夫,骨肉,0.4136,2,Undirected
中原,为我,0.4028,3,Undirected
中原,亦有,0.3258,2,Undirected
中原,出门,0.3395,2,Undirected
中原,功名,0.447,3,Undirected
中原,悠悠,0.3142,3,Undirected
中原,男儿,0.4028,3,Undirected
中原,骨肉,0.3395,2,Undirected
为我,亦有,0.5969,4,Undirected
为我,几时,0.3131,2,Undirected
为我,出门,0.4361,2,Undirected
为我,功名,0.4512,2,Undirected
为我,十年,0.3544,3,Undirected
为我,悠悠,0.3269,2,Undirected
为我,浮云,0.3269,2,Undirected
为我,男儿,0.5061,3,Undirected
为我,骨肉,0.5342,3,Undirected
亦有,几时,0.3258,2,Undirected
亦有,出门,0.4488,2,Undirected
亦有,功名,0.4638,2,Undirected
亦有,悠悠,0.3395,2,Undirected
亦有,浮云,0.431,3,Undirected
亦有,男儿,0.4224,2,Undirected
亦有,骨肉,0.4488,2,Undirected
几时,出门,0.431,3,Undirected
几时,功名,0.447,3,Undirected
几时,男儿,0.4028,3,Undirected
几时,骨肉,0.3395,2,Undirected
出门,功名,0.4775,2,Undirected
出门,悠悠,0.4456,3,Undirected
出门,浮云,0.4456,3,Undirected
出门,男儿,0.5342,3,Undirected
出门,骨肉,0.4625,2,Undirected
功名,十年,0.3986,3,Undirected
功名,悠悠,0.3682,2,Undirected
功名,浮云,0.4617,3,Undirected
功名,男儿,0.5503,3,Undirected
功名,骨肉,0.4775,2,Undirected
十年,悠悠,0.3849,5,Undirected
十年,男儿,0.5334,6,Undirected
十年,风尘,0.3273,7,Undirected
十年,骨肉,0.4529,4,Undirected
悠悠,浮云,0.3965,4,Undirected
悠悠,男儿,0.4175,3,Undirected
悠悠,骨肉,0.3532,2,Undirected
浮云,男儿,0.3269,2,Undirected
浮云,骨肉,0.3532,2,Undirected
男儿,骨肉,0.4361,2,Undirected
不敢,不足,0.3302,2,Undirected
不敢,借问,0.447,3,Undirected
不敢,古人,0.3092,2,Undirected
不敢,寂寥,0.3092,2,Undirected
不敢,少年,0.3696,3,Undirected
不敢,岂知,0.4617,3,Undirected
不敢,男儿,0.4335,3,Undirected
不足,借问,0.4107,2,Undirected
不足,古人,0.3654,2,Undirected
不足,壮士,0.3468,2,Undirected
不足,寂寥,0.3654,2,Undirected
不足,少年,0.3383,2,Undirected
不足,岂知,0.4245,2,Undirected
不足,男儿,0.3981,2,Undirected
不足,英雄,0.3468,2,Undirected
不足,萧萧,0.3585,3,Undirected
借问,十年,0.3678,3,Undirected
借问,古人,0.3897,2,Undirected
借问,壮士,0.3711,2,Undirected
借问,寂寥,0.3897,2,Undirected
借问,少年,0.3626,2,Undirected
借问,岂知,0.4488,2,Undirected
借问,男儿,0.5196,3,Undirected
借问,英雄,0.4648,3,Undirected
借问,落日,0.3015,2,Undirected
十年,古人,0.3194,3,Undirected
十年,岂知,0.3825,3,Undirected
古人,壮士,0.3258,2,Undirected
古人,寂寥,0.3443,2,Undirected
古人,少年,0.4072,3,Undirected
古人,岂知,0.4034,2,Undirected
古人,男儿,0.3771,2,Undirected
古人,英雄,0.3258,2,Undirected
古人,萧萧,0.336,3,Undirected
壮士,寂寥,0.4163,3,Undirected
壮士,岂知,0.4794,3,Undirected
壮士,男儿,0.3585,2,Undirected
壮士,英雄,0.3965,3,Undirected
寂寥,少年,0.4072,3,Undirected
寂寥,岂知,0.4034,2,Undirected
寂寥,男儿,0.3771,2,Undirected
寂寥,英雄,0.3258,2,Undirected
寂寥,萧萧,0.404,4,Undirected
少年,岂知,0.3763,2,Undirected
少年,男儿,0.5156,4,Undirected
少年,英雄,0.458,4,Undirected
少年,落日,0.3129,3,Undirected
岂知,男儿,0.4361,2,Undirected
岂知,英雄,0.3848,2,Undirected
岂知,萧萧,0.3096,2,Undirected
岂知,落日,0.3152,2,Undirected
男儿,英雄,0.3585,2,Undirected
男儿,萧萧,0.3709,3,Undirected
今年,北风,0.4936,3,Undirected
今年,去年,0.5196,3,Undirected
今年,长安,0.4028,3,Undirected
北风,去年,0.5071,3,Undirected
北风,长安,0.3015,2,Undirected
去年,蛟龙,0.3072,2,Undirected
去年,长安,0.3258,2,Undirected
岂无,故乡,0.3897,2,Undirected
岂无,辛苦,0.435,2,Undirected
岂无,长安,0.3258,2,Undirected
故乡,辛苦,0.3897,2,Undirected
故乡,长安,0.3678,3,Undirected
辛苦,长安,0.4163,3,Undirected
不易,有馀,0.3756,2,Undirected
亦有,岂无,0.435,2,Undirected
不肯,欢娱,0.4286,2,Undirected
从来,英雄,0.3999,2,Undirected
东西,头白,0.4224,2,Undirected
东西,归来,0.3626,2,Undirected
四十,如今,0.4488,2,Undirected
四十,归来,0.3626,2,Undirected
四十,萧萧,0.3844,3,Undirected
头白,归来,0.35,2,Undirected
如今,萧萧,0.3096,2,Undirected
归来,萧萧,0.3736,4,Undirected
千里,如今,0.3605,2,Undirected
千里,岂无,0.3468,2,Undirected
千里,当时,0.3468,2,Undirected
四十,当时,0.435,2,Undirected
消息,黄金,0.3798,4,Undirected
独立,白日,0.3209,2,Undirected
白日,黄金,0.3191,3,Undirected
长安,颜色,0.3262,4,Undirected
颜色,黄金,0.3013,3,Undirected
风雨,黄金,0.3172,2,Undirected
万古,不足,0.3558,2,Undirected
回首,苍梧,0.3136,3,Undirected
苍生,黄金,0.3626,2,Undirected
不肯,有馀,0.4695,3,Undirected
富贵,惆怅,0.5378,3,Undirected
富贵,有馀,0.3756,2,Undirected
富贵,蓬莱,0.4395,2,Undirected
有馀,蓬莱,0.4128,3,Undirected
天子,骑马,0.3067,2,Undirected
少年,长安,0.4071,4,Undirected
少年,骑马,0.4422,3,Undirected
往往,长安,0.3395,2,Undirected
公子,白发,0.3612,2,Undirected
圣朝,白发,0.3462,2,Undirected
圣朝,青春,0.4245,2,Undirected
此身,白发,0.3325,2,Undirected
白发,苍茫,0.3325,2,Undirected
白发,青春,0.3082,2,Undirected
白日,青春,0.4403,4,Undirected
主人,咫尺,0.5038,4,Undirected
主人,天地,0.3416,4,Undirected
主人,波涛,0.3043,2,Undirected
咫尺,天地,0.3787,3,Undirected
咫尺,此时,0.4638,2,Undirected
咫尺,波涛,0.3999,2,Undirected
咫尺,苍茫,0.435,2,Undirected
此时,苍茫,0.4638,2,Undirected
波涛,苍茫,0.3999,2,Undirected
十年,四十,0.4966,5,Undirected
为君,淹留,0.4395,2,Undirected
借问,淹留,0.4107,2,Undirected
往往,黄金,0.3763,2,Undirected
咫尺,惆怅,0.4107,2,Undirected
咫尺,欢娱,0.3999,2,Undirected
岂知,江海,0.4488,2,Undirected
岂知,至今,0.333,2,Undirected
朝廷,杜陵,0.4151,3,Undirected
从此,风雨,0.3348,2,Undirected
潇湘,至今,0.3718,3,Undirected
万国,昆仑,0.3771,2,Undirected
为我,主人,0.4175,3,Undirected
为我,清晨,0.4098,2,Undirected
为我,白日,0.383,3,Undirected
为我,青冥,0.5342,3,Undirected
主人,清晨,0.3269,2,Undirected
主人,青冥,0.3532,2,Undirected
咫尺,昆仑,0.3897,2,Undirected
天地,昆仑,0.3303,3,Undirected
清晨,青冥,0.4361,2,Undirected
江海,浮生,0.435,2,Undirected
江海,清晨,0.4224,2,Undirected
浮生,清晨,0.4224,2,Undirected
东流,江水,0.5716,4,Undirected
东流,消息,0.3903,3,Undirected
忆昔,江水,0.4695,3,Undirected
万事,千里,0.3342,2,Undirected
万事,古人,0.3771,2,Undirected
万事,文章,0.3067,2,Undirected
天下,至今,0.3448,5,Undirected
淹留,至今,0.3835,3,Undirected
丈夫,回首,0.3625,5,Undirected
丈夫,岂无,0.3999,2,Undirected
岂无,沧海,0.4955,3,Undirected
岂无,白日,0.3072,2,Undirected
天子,朝廷,0.325,4,Undirected
从此,游子,0.4061,3,Undirected
从此,白日,0.3378,3,Undirected
白日,裴回,0.3072,2,Undirected
裴回,风吹,0.3072,2,Undirected
从此,岁月,0.3558,2,Undirected
岁月,游子,0.4388,3,Undirected
故人,游子,0.3307,4,Undirected
不足,将军,0.3015,2,Undirected
不足,波涛,0.3756,2,Undirected
丹砂,乾坤,0.3214,3,Undirected
丹砂,寂寞,0.3096,2,Undirected
乾坤,平生,0.302,5,Undirected
乾坤,苍茫,0.3067,3,Undirected
平生,苍茫,0.3258,2,Undirected
平生,颜色,0.3262,4,Undirected
儿童,柴门,0.3825,3,Undirected
千里,忆昔,0.3225,2,Undirected
忆昔,萧萧,0.4276,4,Undirected
不是,可怜,0.3999,2,Undirected
可怜,终日,0.3072,2,Undirected
可怜,颜色,0.3104,3,Undirected
终日,颜色,0.3772,4,Undirected
人间,天地,0.3201,3,Undirected
人间,宾客,0.3252,2,Undirected
宾客,少年,0.3077,2,Undirected
宾客,感激,0.4089,2,Undirected
万国,处处,0.3675,2,Undirected
万国,草木,0.4224,2,Undirected
三年,处处,0.3162,2,Undirected
三年,尚书,0.4794,3,Undirected
三年,江海,0.3711,2,Undirected
三年,白马,0.3359,2,Undirected
乾坤,尚书,0.4458,5,Undirected
关山,处处,0.3675,2,Undirected
壮士,尚书,0.3848,2,Undirected
壮士,白马,0.4272,3,Undirected
天下,尚书,0.3674,3,Undirected
尚书,白马,0.4136,2,Undirected
江海,白马,0.3999,2,Undirected
中原,出入,0.3576,3,Undirected
出入,君王,0.4089,2,Undirected
为我,头白,0.4098,2,Undirected
为我,相见,0.3067,2,Undirected
为我,长安,0.3131,2,Undirected
多病,相见,0.366,4,Undirected
头白,相见,0.3067,2,Undirected
相见,长安,0.3585,4,Undirected
不易,颜色,0.3193,2,Undirected
今日,去年,0.3627,3,Undirected
天子,洛阳,0.333,2,Undirected
当时,惆怅,0.4107,2,Undirected
当时,萧条,0.3325,2,Undirected
惆怅,日暮,0.4388,3,Undirected
惆怅,萧条,0.3082,2,Undirected
日暮,春草,0.3585,2,Undirected
分明,纵横,0.3981,2,Undirected
昨夜,青山,0.4361,2,Undirected
纵横,青山,0.3981,2,Undirected
为我,借问,0.4224,2,Undirected
东西,日暮,0.3711,2,Undirected
东西,消息,0.3015,2,Undirected
归来,日暮,0.3874,3,Undirected
浮云,颜色,0.3416,4,Undirected
万事,骨肉,0.4361,2,Undirected
日暮,骨肉,0.3848,2,Undirected
惆怅,西南,0.3864,2,Undirected
云雨,北风,0.3756,2,Undirected
不易,平生,0.3545,2,Undirected
不易,江湖,0.3092,2,Undirected
平生,白首,0.3067,3,Undirected
孤城,岁月,0.4297,3,Undirected
岁月,老病,0.3383,2,Undirected
相望,老病,0.3913,2,Undirected
丈夫,三年,0.3359,2,Undirected
丈夫,怅望,0.3545,2,Undirected
丈夫,相望,0.4286,2,Undirected
三年,回首,0.3751,6,Undirected
三年,柴门,0.3627,3,Undirected
三年,生涯,0.4163,3,Undirected
三年,道路,0.3072,2,Undirected
亦有,道路,0.3711,2,Undirected
今日,烟尘,0.3043,2,Undirected
回首,生涯,0.3976,6,Undirected
岂无,怅望,0.3897,2,Undirected
岂无,烟尘,0.4638,2,Undirected
怅望,霜雪,0.3654,2,Undirected
洛阳,相望,0.4775,2,Undirected
洛阳,道路,0.3848,2,Undirected
道路,霜雪,0.3468,2,Undirected
归来,秋风,0.307,3,Undirected
白露,秋风,0.3247,2,Undirected
白露,萧萧,0.3247,2,Undirected
凄凉,故乡,0.3897,2,Undirected
凄凉,茫茫,0.4224,2,Undirected
千里,故乡,0.3015,2,Undirected
往往,江海,0.4488,2,Undirected
往往,茫茫,0.4361,2,Undirected
故乡,茫茫,0.3771,2,Undirected
江海,茫茫,0.4224,2,Undirected
借问,天子,0.3193,2,Undirected
千里,惆怅,0.3225,2,Undirected
咫尺,长沙,0.4224,2,Undirected
惆怅,故乡,0.3654,2,Undirected
吾道,悠悠,0.3269,2,Undirected
吾道,苍茫,0.4224,2,Undirected
岁月,霜雪,0.3864,2,Undirected
故乡,游子,0.3258,2,Undirected
故乡,道路,0.3258,2,Undirected
游子,道路,0.3072,2,Undirected
三年,游子,0.3072,2,Undirected
游子,生涯,0.3258,2,Undirected
寂寞,苍生,0.3844,3,Undirected
悠悠,淹留,0.3152,2,Undirected
三年,富贵,0.4955,3,Undirected
三年,男儿,0.3585,2,Undirected
中原,惆怅,0.3903,3,Undirected
中原,故乡,0.3678,3,Undirected
为我,惆怅,0.3981,2,Undirected
为我,日暮,0.3585,2,Undirected
为我,道路,0.3585,2,Undirected
十年,南国,0.3678,3,Undirected
南国,扁舟,0.3897,2,Undirected
富贵,长安,0.3545,2,Undirected
相见,道路,0.3411,3,Undirected
万事,故乡,0.3771,2,Undirected
寂寥,沧海,0.3545,2,Undirected
沧海,漠漠,0.3756,2,Undirected
沧海,萧萧,0.3468,3,Undirected
漠漠,萧萧,0.3585,3,Undirected
萧萧,青冥,0.3096,2,Undirected
中原,西南,0.3015,2,Undirected
天下,英雄,0.3499,4,Undirected
天下,西南,0.3268,3,Undirected
惆怅,英雄,0.3468,2,Undirected
至今,西南,0.3835,3,Undirected
英雄,西南,0.3468,2,Undirected
千里,岁月,0.3225,2,Undirected
千里,西南,0.3225,2,Undirected
天下,岁月,0.3944,4,Undirected
至今,骨肉,0.333,2,Undirected
往来,昆仑,0.4184,2,Undirected
往来,漠漠,0.4395,2,Undirected
昆仑,漠漠,0.4586,3,Undirected
咫尺,江水,0.3999,2,Undirected
丹青,怅望,0.3348,2,Undirected
平生,怅望,0.3678,3,Undirected
丈夫,宾客,0.345,2,Undirected
岂知,颜色,0.3043,2,Undirected
光辉,忆昔,0.3864,2,Undirected
忆昔,潇湘,0.3756,2,Undirected
为君,壮士,0.3999,2,Undirected
为君,西南,0.4395,2,Undirected
壮士,西南,0.4388,3,Undirected
新诗,百年,0.3152,2,Undirected
新诗,颜色,0.3528,3,Undirected
百年,草堂,0.3152,2,Undirected
归来,漠漠,0.3383,2,Undirected
漠漠,风雨,0.3654,2,Undirected
洛阳,消息,0.3152,2,Undirected
消息,骨肉,0.3152,2,Undirected
不足,咫尺,0.4107,2,Undirected
欢娱,江水,0.3647,2,Undirected
波涛,白雪,0.4136,2,Undirected
主人,凤凰,0.3043,2,Undirected
凤凰,日暮,0.3359,2,Undirected
万古,孤城,0.3077,2,Undirected
孤城,落日,0.3798,4,Undirected
万事,百年,0.3269,2,Undirected
古人,欢娱,0.3545,2,Undirected
冥冥,谁能,0.3647,2,Undirected
佳人,使君,0.4925,2,Undirected
佳人,江水,0.4286,2,Undirected
中原,岁月,0.3015,2,Undirected
儿童,昆仑,0.3443,2,Undirected
岁月,昆仑,0.3654,2,Undirected
扁舟,衣冠,0.3443,2,Undirected
相逢,骑马,0.3585,2,Undirected
衣冠,骑马,0.3771,2,Undirected
出入,宾客,0.3252,2,Undirected
人间,江水,0.345,2,Undirected
借问,可怜,0.3711,2,Undirected
借问,忆昔,0.4107,2,Undirected
借问,江水,0.3999,2,Undirected
借问,漠漠,0.4107,2,Undirected
光辉,漠漠,0.3864,2,Undirected
可怜,江水,0.3359,2,Undirected
可怜,漠漠,0.3468,2,Undirected
将军,忆昔,0.3015,2,Undirected
将军,漠漠,0.3015,2,Undirected
忆昔,漠漠,0.3864,2,Undirected
万古,丹青,0.3252,2,Undirected
万古,浮云,0.3723,3,Undirected
万古,英雄,0.4061,3,Undirected
丹青,富贵,0.4089,2,Undirected
丹青,终日,0.3162,2,Undirected
丹青,英雄,0.4061,3,Undirected
富贵,浮云,0.3682,2,Undirected
富贵,终日,0.3999,2,Undirected
古人,岁月,0.3654,2,Undirected
岁月,终日,0.3468,2,Undirected
乔木,颜色,0.3193,2,Undirected
平生,江海,0.3258,2,Undirected
冥冥,北斗,0.3756,2,Undirected
洞庭,潇湘,0.4565,4,Undirected
不足,忆昔,0.3864,2,Undirected
尚书,忆昔,0.4245,2,Undirected
尚书,朝廷,0.3096,2,Undirected
忆昔,洛阳,0.4245,2,Undirected
朝廷,洛阳,0.3096,2,Undirected
四海,萧条,0.3612,2,Undirected
四海,蹉跎,0.4512,2,Undirected
故人,相逢,0.3307,4,Undirected
百年,蹉跎,0.3269,2,Undirected
萧条,蹉跎,0.3199,2,Undirected
三年,宾客,0.3162,2,Undirected
三年,草堂,0.3468,2,Undirected
宾客,江海,0.3801,2,Undirected
宾客,白马,0.345,2,Undirected
江海,风尘,0.3031,3,Undirected
有馀,游子,0.3705,3,Undirected
万古,纵横,0.3558,2,Undirected
不足,黄金,0.3383,2,Undirected
不足,主人,0.3152,2,Undirected
天地,风尘,0.34,7,Undirected
为君,千里,0.3756,2,Undirected
千里,怅望,0.3015,2,Undirected
千里,故国,0.3116,2,Undirected
壮士,怅望,0.3258,2,Undirected
怅望,西南,0.3654,2,Undirected
悠悠,漠漠,0.3152,2,Undirected
丹青,四十,0.3801,2,Undirected
丹青,文章,0.3508,3,Undirected
四十,文章,0.3193,2,Undirected
四十,谁能,0.3999,2,Undirected
不肯,诸侯,0.4286,2,Undirected
他日,此身,0.3711,2,Undirected
他日,诸侯,0.3359,2,Undirected
何所,北风,0.4107,2,Undirected
诸侯,青山,0.3872,2,Undirected
富贵,生涯,0.4184,2,Undirected
富贵,远游,0.4925,2,Undirected
生涯,远游,0.4184,2,Undirected
万古,昆仑,0.3348,2,Undirected
万古,丈夫,0.345,2,Undirected
万古,儿童,0.3348,2,Undirected
儿童,咫尺,0.3897,2,Undirected
当时,忆昔,0.4107,2,Undirected
丈夫,诸侯,0.3647,2,Undirected
多病,辛苦,0.3325,2,Undirected
诸侯,辛苦,0.3999,2,Undirected
不易,清晨,0.4512,2,Undirected
故园,消息,0.3221,3,Undirected
白日,骨肉,0.3209,2,Undirected
不足,怅望,0.3654,2,Undirected
昆仑,诸侯,0.3545,2,Undirected
诸侯,黄金,0.4903,4,Undirected
冥冥,巫山,0.3274,2,Undirected
秋风,衣裳,0.3258,3,Undirected
岂无,洞庭,0.3325,2,Undirected
出入,咫尺,0.4744,3,Undirected
丹青,壮士,0.3162,2,Undirected
丹青,感激,0.5051,3,Undirected
丹青,纵横,0.3558,2,Undirected
宾客,尚书,0.3938,2,Undirected
宾客,岂无,0.3801,2,Undirected
宾客,纵横,0.3558,2,Undirected
尚书,岂无,0.4488,2,Undirected
古人,当时,0.3897,2,Undirected
四十,感激,0.4638,2,Undirected
丹青,他日,0.3162,2,Undirected
丹青,别离,0.3162,2,Undirected
他日,别离,0.3072,2,Undirected
他日,圣朝,0.3848,2,Undirected
别离,圣朝,0.3848,2,Undirected
圣朝,天下,0.3674,3,Undirected
圣朝,萧条,0.3462,2,Undirected
人间,沧海,0.345,2,Undirected
宾客,沧海,0.345,2,Undirected
寂寞,独立,0.3096,2,Undirected
沧海,波涛,0.3647,2,Undirected
君王,英雄,0.3999,2,Undirected
少年,蓬莱,0.3383,2,Undirected
少年,裴回,0.3626,2,Undirected
英雄,裴回,0.3711,2,Undirected
天子,茫茫,0.3067,2,Undirected
为客,沧浪,0.3833,2,Undirected
为客,纵横,0.3302,2,Undirected
朝廷,沧浪,0.3247,2,Undirected
佳人,寂寞,0.3247,2,Undirected
东流,故园,0.3711,2,Undirected
巫山,故园,0.458,4,Undirected
巫山,秋风,0.307,3,Undirected
十年,洞庭,0.3767,5,Undirected
南国,洞庭,0.3325,2,Undirected
富贵,柴门,0.3682,2,Undirected
丈夫,少年,0.3274,2,Undirected
北斗,白头,0.3798,4,Undirected
云雨,巫峡,0.3772,4,Undirected
几时,纵横,0.3015,2,Undirected
几时,青山,0.3131,2,Undirected
古人,纵横,0.3654,2,Undirected
东西,西南,0.4107,2,Undirected
东西,骑马,0.4224,2,Undirected
东西,主人,0.431,3,Undirected
日暮,青冥,0.3848,2,Undirected
借问,别离,0.3711,2,Undirected
借问,文章,0.3193,2,Undirected
别离,文章,0.3411,3,Undirected
别离,游子,0.3072,2,Undirected
去年,巫山,0.3626,2,Undirected
东西,潇湘,0.3999,2,Undirected
东西,至今,0.3193,2,Undirected
不敢,昆仑,0.3092,2,Undirected
北风,洞庭,0.4687,4,Undirected
出入,青山,0.3675,2,Undirected
出入,黄金,0.3077,2,Undirected
功名,落日,0.3302,2,Undirected
尚书,落日,0.3152,2,Undirected
几时,青云,0.3903,3,Undirected
长安,青云,0.3015,2,Undirected
丹砂,春草,0.4361,2,Undirected
春草,白首,0.3199,2,Undirected
万古,怅望,0.3348,2,Undirected
中原,蹉跎,0.3131,2,Undirected
千里,蹉跎,0.3342,2,Undirected
怅望,蹉跎,0.3771,2,Undirected
往往,相见,0.333,2,Undirected
往往,辛苦,0.4488,2,Undirected
白首,青云,0.3082,2,Undirected
诸侯,青云,0.3756,2,Undirected
青云,黄金,0.3383,2,Undirected
吾道,长沙,0.4098,2,Undirected
功名,富贵,0.4925,2,Undirected
从此,出入,0.3252,2,Undirected
从此,诸侯,0.345,2,Undirected
从此,青云,0.3558,2,Undirected
出入,游子,0.3162,2,Undirected
别离,诸侯,0.3359,2,Undirected
有馀,诸侯,0.3116,2,Undirected
苍梧,诸侯,0.4286,2,Undirected
江湖,长沙,0.3544,3,Undirected
相逢,英雄,0.3072,2,Undirected
他日,终日,0.3072,2,Undirected
圣朝,将军,0.431,3,Undirected
圣朝,沧海,0.4136,2,Undirected
天下,沧海,0.3152,3,Undirected
万国,潇湘,0.3872,2,Undirected
万国,白雪,0.4361,2,Undirected
今年,洞庭,0.3199,2,Undirected
东西,乾坤,0.3067,3,Undirected
东西,扁舟,0.3897,2,Undirected
东西,文章,0.3193,2,Undirected
乾坤,衣冠,0.3223,4,Undirected
白首,衣冠,0.375,3,Undirected
衣冠,西南,0.3654,2,Undirected
公子,平生,0.3545,2,Undirected
千里,感激,0.3756,2,Undirected
今日,归来,0.3507,4,Undirected
出入,春草,0.3675,2,Undirected
君王,生涯,0.4184,2,Undirected
君王,青冥,0.4775,2,Undirected
归来,青冥,0.3763,2,Undirected
春草,生涯,0.4711,3,Undirected
春草,白头,0.3254,3,Undirected
丹青,沧海,0.345,2,Undirected
丹青,生涯,0.3348,2,Undirected
丹青,由来,0.4484,3,Undirected
北斗,感激,0.4395,2,Undirected
北斗,沧海,0.3756,2,Undirected
北斗,生涯,0.4586,3,Undirected
四十,生涯,0.3897,2,Undirected
多病,由来,0.3082,2,Undirected
多病,苍茫,0.4235,3,Undirected
感激,生涯,0.4184,2,Undirected
沧海,由来,0.3756,2,Undirected
生涯,由来,0.3654,2,Undirected
浮生,由来,0.4107,2,Undirected
悠悠,沧海,0.3043,2,Undirected
天涯,故人,0.3492,3,Undirected
怅望,春风,0.3172,2,Undirected
春风,蹉跎,0.35,2,Undirected
生涯,谁能,0.3545,2,Undirected
佳人,落日,0.3302,2,Undirected
今日,古人,0.3142,3,Undirected
今日,欢娱,0.3251,3,Undirected
儿童,由来,0.4586,3,Undirected
今朝,辛苦,0.4224,2,Undirected
今日,白露,0.3043,2,Undirected
凄凉,几时,0.3258,2,Undirected
寂寥,苍生,0.3897,2,Undirected
天涯,寂寥,0.4034,2,Undirected
今日,由来,0.3367,3,Undirected
孤城,由来,0.4297,3,Undirected
三年,东西,0.3711,2,Undirected
三年,故园,0.3072,2,Undirected
东西,故园,0.3711,2,Undirected
万古,光辉,0.3558,2,Undirected
万古,往来,0.4089,2,Undirected
万古,由来,0.3558,2,Undirected
万古,西南,0.3558,2,Undirected
丹青,孤城,0.3077,2,Undirected
丹青,昆仑,0.3348,2,Undirected
丹青,淹留,0.3558,2,Undirected
丹青,漠漠,0.3558,2,Undirected
丹青,远游,0.4089,2,Undirected
儿童,吾道,0.3771,2,Undirected
光辉,由来,0.3864,2,Undirected
孤城,昆仑,0.3172,2,Undirected
孤城,淹留,0.3383,2,Undirected
孤城,漠漠,0.3383,2,Undirected
孤城,远游,0.3913,2,Undirected
往来,浮云,0.3682,2,Undirected
昆仑,淹留,0.3654,2,Undirected
昆仑,烟尘,0.4184,2,Undirected
昆仑,由来,0.4586,3,Undirected
昆仑,远游,0.4184,2,Undirected
沧海,烟尘,0.4286,2,Undirected
淹留,漠漠,0.3864,2,Undirected
淹留,由来,0.3864,2,Undirected
淹留,远游,0.5378,3,Undirected
漠漠,由来,0.3864,2,Undirected
漠漠,远游,0.4395,2,Undirected
烟尘,由来,0.4395,2,Undirected
烟尘,闻道,0.3545,2,Undirected
由来,远游,0.4395,2,Undirected
由来,闻道,0.3015,2,Undirected
西南,闻道,0.3015,2,Undirected
摇落,春风,0.3763,2,Undirected
摇落,秋风,0.3096,2,Undirected
蓬莱,闻道,0.3015,2,Undirected
别离,岁月,0.3468,2,Undirected
三年,诸侯,0.3359,2,Undirected
他乡,多病,0.3082,2,Undirected
古人,衣冠,0.3443,2,Undirected
白发,长沙,0.3199,2,Undirected
苍茫,衣冠,0.3897,2,Undirected
衣冠,长沙,0.3771,2,Undirected
关山,摇落,0.5342,3,Undirected
寂寞,摇落,0.3096,2,Undirected
摇落,风尘,0.3849,4,Undirected
百年,经过,0.3532,2,Undirected
沧浪,草堂,0.4395,2,Undirected
今朝,他乡,0.3981,2,Undirected
今朝,江边,0.3269,2,Undirected
儿童,宾客,0.3348,2,Undirected
他乡,故国,0.4695,3,Undirected
他乡,江城,0.3981,2,Undirected
故国,江城,0.3872,2,Undirected
苍生,衣冠,0.4846,3,Undirected
朝廷,烟尘,0.4151,3,Undirected
此时,江边,0.3682,2,Undirected
几时,尚书,0.3395,2,Undirected
柴门,桃花,0.3395,2,Undirected
天涯,道路,0.3848,2,Undirected
故乡,白马,0.3545,2,Undirected
江上,纷纷,0.4012,3,Undirected
春色,桃花,0.3626,2,Undirected
桃花,江上,0.3468,2,Undirected
不是,江上,0.3756,2,Undirected
佳人,可怜,0.4955,3,Undirected
佳人,生涯,0.4184,2,Undirected
可怜,桃花,0.3711,2,Undirected
可怜,生涯,0.3258,2,Undirected
圣朝,多病,0.3462,2,Undirected
江流,白首,0.3082,2,Undirected
中原,感激,0.3545,2,Undirected
如今,白发,0.3462,2,Undirected
江流,老病,0.4297,3,Undirected
为客,江上,0.4216,4,Undirected
春色,消息,0.3798,4,Undirected
苍茫,道路,0.3711,2,Undirected
由来,诸侯,0.3756,2,Undirected
江海,相见,0.3193,2,Undirected
相见,经过,0.333,2,Undirected
别离,蓬莱,0.3468,2,Undirected
春色,朝廷,0.3736,4,Undirected
春色,沧海,0.3274,2,Undirected
春草,蓬莱,0.3981,2,Undirected
他乡,春色,0.3383,2,Undirected
三年,春草,0.3585,2,Undirected
三年,由来,0.3468,2,Undirected
东西,咫尺,0.435,2,Undirected
东西,由来,0.4107,2,Undirected
儿童,处处,0.3348,2,Undirected
出入,由来,0.3558,2,Undirected
处处,故园,0.4061,3,Undirected
故园,由来,0.3468,2,Undirected
春草,由来,0.3981,2,Undirected
北风,南国,0.4107,2,Undirected
不易,由来,0.4395,2,Undirected
他日,光辉,0.3468,2,Undirected
他日,浮生,0.3711,2,Undirected
他日,由来,0.3468,2,Undirected
江城,萧条,0.3199,2,Undirected
他日,可怜,0.3965,3,Undirected
他日,故国,0.3359,2,Undirected
故人,新诗,0.3086,3,Undirected
春草,终日,0.3585,2,Undirected
春色,青春,0.3383,2,Undirected
功名,巫山,0.3913,2,Undirected
巫山,摇落,0.4703,3,Undirected
巫山,由来,0.3383,2,Undirected
三年,他日,0.3072,2,Undirected
浮生,落日,0.3015,2,Undirected
浮生,风吹,0.3072,2,Undirected
今朝,英雄,0.3585,2,Undirected
他乡,骑马,0.3981,2,Undirected
往来,裴回,0.4638,2,Undirected
摇落,西南,0.4245,2,Undirected
英雄,诸侯,0.3359,2,Undirected
闻道,青云,0.3015,2,Undirected
丹青,借问,0.3801,2,Undirected
他日,佳人,0.3999,2,Undirected
他日,凤凰,0.3359,2,Undirected
他日,蓬莱,0.3468,2,Undirected
佳人,凤凰,0.4286,2,Undirected
佳人,孤城,0.3913,2,Undirected
佳人,秋风,0.3247,2,Undirected
佳人,蓬莱,0.4395,2,Undirected
关山,孤城,0.35,2,Undirected
关山,故园,0.3585,2,Undirected
关山,衣冠,0.3771,2,Undirected
凤凰,巫山,0.3274,2,Undirected
凤凰,故园,0.3359,2,Undirected
功名,长安,0.3545,2,Undirected
可怜,处处,0.3162,2,Undirected
可怜,故园,0.3072,2,Undirected
可怜,故国,0.3359,2,Undirected
可怜,秋风,0.3161,3,Undirected
可怜,蓬莱,0.3468,2,Undirected
处处,孤城,0.3077,2,Undirected
处处,少年,0.3077,2,Undirected
处处,衣冠,0.3348,2,Undirected
孤城,蓬莱,0.3383,2,Undirected
孤城,衣冠,0.3172,2,Undirected
巫山,衣冠,0.3172,2,Undirected
故国,白头,0.3013,3,Undirected
故国,百年,0.3934,3,Undirected
江湖,衣冠,0.3194,3,Undirected
分明,北斗,0.3981,2,Undirected
分明,巫峡,0.3345,3,Undirected
北斗,巫峡,0.3221,3,Undirected
借问,四海,0.4638,2,Undirected
可怜,富贵,0.3999,2,Undirected
四海,回首,0.3136,3,Undirected
孤城,生涯,0.3172,2,Undirected
春草,淹留,0.3981,2,Undirected
淹留,生涯,0.3654,2,Undirected
平生,经过,0.3395,2,Undirected
经过,萧萧,0.3096,2,Undirected
处处,白首,0.3648,3,Undirected
处处,苍生,0.3801,2,Undirected
白首,苍生,0.4235,3,Undirected
如今,巫山,0.3763,2,Undirected
如今,故园,0.3848,2,Undirected
从来,白首,0.3612,2,Undirected
从来,衣冠,0.4184,2,Undirected
天子,苍生,0.4094,3,Undirected
北斗,白首,0.3082,2,Undirected
北斗,巫山,0.3383,2,Undirected
为客,欢娱,0.3193,2,Undirected
摇落,故园,0.3848,2,Undirected
北斗,天地,0.3528,3,Undirected
寂寥,经过,0.4034,2,Undirected
春风,风起,0.3913,2,Undirected
江湖,苍梧,0.3092,2,Undirected
关山,洞庭,0.3199,2,Undirected
中原,北斗,0.3015,2,Undirected
可怜,此身,0.3711,2,Undirected
杜陵,衣冠,0.4184,2,Undirected
